url,type,lastmod
https://trafigurafoundation.org/,page,2026-08-14T12:27:08+00:00
https://trafigurafoundation.org/area-of-work/prepared-communities/,area-of-work,2026-08-11T11:09:37+00:00
https://trafigurafoundation.org/area-of-work/sustainable-livelihoods/,area-of-work,2026-08-11T11:10:41+00:00
https://trafigurafoundation.org/area-of-work/thriving-nature/,area-of-work,2026-08-11T11:11:11+00:00
https://trafigurafoundation.org/areas-of-work/,page,2026-08-14T12:35:18+00:00
https://trafigurafoundation.org/contact/,page,2026-08-14T12:35:53+00:00
https://trafigurafoundation.org/content-hub/,page,2026-08-14T12:36:12+00:00
https://trafigurafoundation.org/news/2023-2027-strategic-centring-our-funding-on-climate-adaptation/,news,2026-08-11T11:52:30+00:00
https://trafigurafoundation.org/news/7-reflections-from-new-york-climate-week/,news,2026-08-11T11:15:24+00:00
https://trafigurafoundation.org/news/addressing-climate-and-health-an-investment-opportunity-for-social-investors/,news,2026-08-11T12:41:35+00:00
https://trafigurafoundation.org/news/bridging-market-forces-and-ecosystem-protection-for-coastal-communities-in-tanzania/,news,2026-08-12T14:34:09+00:00
https://trafigurafoundation.org/news/celebrating-continuous-learning-annes-training-achievement/,news,2026-08-11T12:42:14+00:00
https://trafigurafoundation.org/news/colombia-how-the-dream-of-acai-lifts-community-resilience/,news,2026-08-11T11:18:07+00:00
https://trafigurafoundation.org/news/connect-share-shape-partnership-highlights-from-nyc-climate-week/,news,2026-08-11T11:17:28+00:00
https://trafigurafoundation.org/news/executive-director-joins-white-house-meeting/,news,2026-08-11T12:43:07+00:00
https://trafigurafoundation.org/news/field-visit-heading-off-humanitarian-crises-in-africa/,news,2026-08-11T11:19:49+00:00
https://trafigurafoundation.org/news/field-visit-in-colombia-cultivating-climate-resilience/,news,2026-08-12T13:29:42+00:00
https://trafigurafoundation.org/news/field-visit-in-indonesia-experience-thriving-nature-in-borneo/,news,2026-08-11T12:43:45+00:00
https://trafigurafoundation.org/news/field-visit-in-mongolia-conserving-grasslands-to-protect-people-and-nature/,news,2026-08-11T11:22:06+00:00
https://trafigurafoundation.org/news/field-visit-inspecting-the-mechanics-of-coral-reef-conservation/,news,2026-08-11T11:22:59+00:00
https://trafigurafoundation.org/news/field-visit-joining-the-dots-to-build-climate-resilience-in-east-africa/,news,2026-08-11T12:44:53+00:00
https://trafigurafoundation.org/news/field-visit-tanzania-uniting-climate-protection-with-community-resilience/,news,2026-08-11T12:46:50+00:00
https://trafigurafoundation.org/news/fostering-collective-action-insights-from-the-latimpacto-annual-conference/,news,2026-08-11T12:47:39+00:00
https://trafigurafoundation.org/news/fundacion-don-bosco-spain/,news,2026-08-11T11:23:54+00:00
https://trafigurafoundation.org/news/honouring-womens-day-empowering-communities-globally/,news,2026-08-11T12:48:27+00:00
https://trafigurafoundation.org/news/innovate-collaborate-sustain/,news,2026-08-11T12:49:20+00:00
https://trafigurafoundation.org/news/international-womens-day-inspiring-stories-of-empowerment/,news,2026-08-11T11:24:35+00:00
https://trafigurafoundation.org/news/lasting-access-to-safe-water-india-tanzania/,news,2026-08-18T11:05:32+00:00
https://trafigurafoundation.org/news/launch-of-our-climate-resilience-case-studies/,news,2026-08-11T11:26:05+00:00
https://trafigurafoundation.org/news/looking-ahead-building-resilience-for-2025/,news,2026-08-11T12:50:14+00:00
https://trafigurafoundation.org/news/looking-ahead-to-2026-with-local-leaders/,news,2026-08-11T11:26:55+00:00
https://trafigurafoundation.org/news/new-grant-to-the-nature-conservancy/,news,2026-08-12T13:28:11+00:00
https://trafigurafoundation.org/news/new-partnership-protecting-coastal-ecosystems-for-people-and-nature-with-blue-alliance/,news,2026-08-12T13:53:52+00:00
https://trafigurafoundation.org/news/new-partnership-to-accelerate-innovations-for-climate-resilience/,news,2026-08-12T13:55:22+00:00
https://trafigurafoundation.org/news/new-partnership-to-build-climate-resilient-informal-settlements-in-africa/,news,2026-08-11T11:29:08+00:00
https://trafigurafoundation.org/news/new-partnership-to-expand-women-led-water-services-in-northern-ghana/,news,2026-08-18T11:05:08+00:00
https://trafigurafoundation.org/news/new-partnership-to-make-conservation-profitable-for-communities-in-the-amazon/,news,2026-09-02T08:58:58+00:00
https://trafigurafoundation.org/news/new-partnership-to-make-conservation-profitable-for-farming-families-in-zambia/,news,2026-08-11T11:30:03+00:00
https://trafigurafoundation.org/news/new-partnership-to-restore-safe-land-and-nature-in-angola/,news,2026-08-11T11:30:38+00:00
https://trafigurafoundation.org/news/new-partnership-to-scale-blue-carbon-projects-and-strengthen-coastal-resilience/,news,2026-08-11T11:32:34+00:00
https://trafigurafoundation.org/news/new-partnership-to-strengthen-communities-against-climate-disasters/,news,2026-08-11T11:33:13+00:00
https://trafigurafoundation.org/news/new-partnership-to-strengthen-community-led-conservation-in-africa/,news,2026-08-11T11:34:07+00:00
https://trafigurafoundation.org/news/new-partnership-to-support-climate-resilient-small-businesses-in-argentina-and-paraguay/,news,2026-08-11T11:34:47+00:00
https://trafigurafoundation.org/news/new-partnership-to-support-climate-tech-innovation-in-emerging-markets/,news,2026-08-11T11:35:37+00:00
https://trafigurafoundation.org/news/new-partnerships-to-advance-climate-adaptation-and-equip-youth-for-the-green-economy/,news,2026-08-11T12:51:20+00:00
https://trafigurafoundation.org/news/our-foundation-granted-observer-status-at-the-un-biodiversity-conference-cop16/,news,2026-08-11T12:53:13+00:00
https://trafigurafoundation.org/news/our-foundation-is-accredited-to-attend-the-2025-un-ocean-conference/,news,2026-08-11T12:54:14+00:00
https://trafigurafoundation.org/news/our-foundation-supports-relief-efforts-in-flood-stricken-rio-grande-do-sul-brazil/,news,2026-08-11T12:55:01+00:00
https://trafigurafoundation.org/news/regenerative-food-systems/,news,2026-08-11T12:56:28+00:00
https://trafigurafoundation.org/news/responding-to-mozambiques-worst-floods-in-40-years/,news,2026-08-11T11:36:24+00:00
https://trafigurafoundation.org/news/seeking-experts-to-develop-resilience-case-studies/,news,2026-08-11T11:37:04+00:00
https://trafigurafoundation.org/news/supporting-the-un-led-operation/,news,2026-08-11T12:57:39+00:00
https://trafigurafoundation.org/news/the-trafigura-foundation-announces-new-partnerships-for-2024-2026/,news,2026-08-11T11:37:44+00:00
https://trafigurafoundation.org/news/the-trafigura-foundation-is-seeking-a-programme-manager/,news,2026-08-11T11:38:36+00:00
https://trafigurafoundation.org/news/the-trafigura-foundation-is-seeking-an-investment-manager-to-join-its-efforts/,news,2026-08-11T12:58:46+00:00
https://trafigurafoundation.org/news/trafigura-foundation-2021-annual-report/,news,2026-08-11T13:00:04+00:00
https://trafigurafoundation.org/news/trafigura-foundation-2022-annual-report/,news,2026-08-11T13:01:22+00:00
https://trafigurafoundation.org/news/trafigura-foundation-2025-annual-report-2/,news,2026-08-11T11:39:16+00:00
https://trafigurafoundation.org/news/trafigura-foundation-enters-2025-with-three-new-partnerships/,news,2026-08-11T13:02:16+00:00
https://trafigurafoundation.org/news/trafigura-foundation-joins-global-pledge-to-protect-coral-reefs/,news,2026-08-11T11:40:04+00:00
https://trafigurafoundation.org/news/trafigura-foundation-partners-with-nuru-to-strengthen-rural-resilience-in-west-africa/,news,2026-08-11T13:02:57+00:00
https://trafigurafoundation.org/news/trafigura-foundation-publishes-2023-annual-report/,news,2026-08-11T13:03:52+00:00
https://trafigurafoundation.org/news/trafigura-foundation-publishes-2024-annual-report/,news,2026-08-11T13:04:32+00:00
https://trafigurafoundation.org/news/trafigura-foundation-responds-to-united-nations-call-on-extreme-heat/,news,2026-08-11T13:05:43+00:00
https://trafigurafoundation.org/news/trafigura-foundation-signs-a-call-to-action-to-accelerate-action-on-climate-adaptation/,news,2026-08-11T11:40:51+00:00
https://trafigurafoundation.org/news/trafigura-foundation-supports-emergency-flood-relief-in-pakistan/,news,2026-08-11T11:41:40+00:00
https://trafigurafoundation.org/news/trafigura-foundation-supports-flood-relief-efforts-in-china/,news,2026-08-11T13:06:45+00:00
https://trafigurafoundation.org/news/trafigura-foundation-supports-outrigger-impact-fund-to-scale-climate-resilience-in-island-communities/,news,2026-08-11T11:42:17+00:00
https://trafigurafoundation.org/news/wetlands-a-secret-weapon-against-climate-change/,news,2026-08-11T13:07:20+00:00
https://trafigurafoundation.org/our-approach/,page,2026-08-14T11:08:32+00:00
https://trafigurafoundation.org/partner-stories/alliance-for-responsible-mining-arm/,partner-stories,2026-08-11T13:10:02+00:00
https://trafigurafoundation.org/partner-stories/beneficial-returns/,partner-stories,2026-08-11T13:15:01+00:00
https://trafigurafoundation.org/partner-stories/blue-alliance/,partner-stories,2026-08-11T13:15:47+00:00
https://trafigurafoundation.org/partner-stories/blue-catalyst-fund/,partner-stories,2026-09-02T09:13:57+00:00
https://trafigurafoundation.org/partner-stories/boma/,partner-stories,2026-08-11T13:17:27+00:00
https://trafigurafoundation.org/partner-stories/bridges-to-prosperity/,partner-stories,2026-08-11T13:18:03+00:00
https://trafigurafoundation.org/partner-stories/clim-eat/,partner-stories,2026-08-11T13:19:15+00:00
https://trafigurafoundation.org/partner-stories/climate-smart-forest-economy-program/,partner-stories,2026-08-11T13:20:14+00:00
https://trafigurafoundation.org/partner-stories/comaco/,partner-stories,2026-08-11T13:20:54+00:00
https://trafigurafoundation.org/partner-stories/conexsus/,partner-stories,2026-08-11T13:21:28+00:00
https://trafigurafoundation.org/partner-stories/education-for-employment/,partner-stories,2026-08-11T13:22:10+00:00
https://trafigurafoundation.org/partner-stories/efe-egypt/,partner-stories,2026-08-11T13:26:03+00:00
https://trafigurafoundation.org/partner-stories/global-resilience-partnership/,partner-stories,2026-08-11T13:26:36+00:00
https://trafigurafoundation.org/partner-stories/instituto-jurua/,partner-stories,2026-09-02T09:04:08+00:00
https://trafigurafoundation.org/partner-stories/iswan/,partner-stories,2026-08-11T13:27:19+00:00
https://trafigurafoundation.org/partner-stories/maliasili/,partner-stories,2026-08-11T13:27:48+00:00
https://trafigurafoundation.org/partner-stories/new-energy-nexus-nex/,partner-stories,2026-08-11T13:28:39+00:00
https://trafigurafoundation.org/partner-stories/nuru/,partner-stories,2026-08-11T13:29:16+00:00
https://trafigurafoundation.org/partner-stories/partnership-for-central-america-pca/,partner-stories,2026-08-11T13:30:30+00:00
https://trafigurafoundation.org/partner-stories/peace-dividend-initiative-pdi/,partner-stories,2026-08-11T13:31:07+00:00
https://trafigurafoundation.org/partner-stories/plan-vivo-foundation/,partner-stories,2026-08-12T13:44:16+00:00
https://trafigurafoundation.org/partner-stories/plan-vivo/,partner-stories,2026-08-11T13:31:47+00:00
https://trafigurafoundation.org/partner-stories/planet-indonesia-2024/,partner-stories,2026-08-12T13:45:37+00:00
https://trafigurafoundation.org/partner-stories/planet-indonesia/,partner-stories,2026-08-11T13:32:32+00:00
https://trafigurafoundation.org/partner-stories/reach/,partner-stories,2026-08-11T13:33:38+00:00
https://trafigurafoundation.org/partner-stories/root-capital-central-america/,partner-stories,2026-08-12T13:46:05+00:00
https://trafigurafoundation.org/partner-stories/root-capital-peru/,partner-stories,2026-08-12T13:46:45+00:00
https://trafigurafoundation.org/partner-stories/root-capital/,partner-stories,2026-08-11T13:34:16+00:00
https://trafigurafoundation.org/partner-stories/saha-global/,partner-stories,2026-08-18T11:20:13+00:00
https://trafigurafoundation.org/partner-stories/slum-dwellers-international-sdi/,partner-stories,2026-08-20T10:33:50+00:00
https://trafigurafoundation.org/partner-stories/start-network-start-fund/,partner-stories,2026-08-11T13:38:35+00:00
https://trafigurafoundation.org/partner-stories/start-network-start-ready/,partner-stories,2026-08-11T13:39:10+00:00
https://trafigurafoundation.org/partner-stories/sumatoria/,partner-stories,2026-08-14T06:44:44+00:00
https://trafigurafoundation.org/partner-stories/the-halo-trust/,partner-stories,2026-08-11T13:40:26+00:00
https://trafigurafoundation.org/partner-stories/the-international-rescue-committee-irc-2/,partner-stories,2026-08-11T11:50:31+00:00
https://trafigurafoundation.org/partner-stories/the-international-rescue-committee-irc/,partner-stories,2026-08-11T13:41:02+00:00
https://trafigurafoundation.org/partner-stories/the-nature-conservancy-2/,partner-stories,2026-08-11T11:51:24+00:00
https://trafigurafoundation.org/partner-stories/the-nature-conservancy-eternal-mongolia/,partner-stories,2026-08-11T13:41:37+00:00
https://trafigurafoundation.org/partner-stories/the-nature-conservancy-natural-climate-solutions-accelerator/,partner-stories,2026-09-02T09:14:39+00:00
https://trafigurafoundation.org/partner-stories/water-for-people/,partner-stories,2026-08-18T11:20:20+00:00
https://trafigurafoundation.org/partner-stories/wildlife-conservation-society-wcs/,partner-stories,2026-08-11T13:44:02+00:00
https://trafigurafoundation.org/partners-stories/,page,2026-08-11T11:45:05+00:00
https://trafigurafoundation.org/staff-engagement/,page,2026-08-11T13:08:40+00:00
https://trafigurafoundation.org/who-we-are/,page,2026-08-11T11:45:40+00:00
