priority,content_type,url,focus_keyphrase,seo_title,meta_description,yoast_action,recommended_robots,content_source,issues_notes,title_chars,meta_chars,current_title,current_meta_description,current_h1
P0,Area of Work,https://trafigurafoundation.org/area-of-work/prepared-communities/,disaster risk reduction,Prepared Communities | Trafigura Foundation,"We fund disaster risk reduction so communities can prepare for climate shocks via early warning systems, resilience-building and nature-based solutions.",Update Yoast fields,"index, follow",para3+para5 DRR early warning,,43,152,Prepared Communities | Climate Shock Preparedness & Recovery,"Prepared Communities: funding programmes that help people prepare for, withstand and recover from climate shocks and disasters.",Prepared communities
P0,Area of Work,https://trafigurafoundation.org/area-of-work/sustainable-livelihoods/,climate resilient MSMEs,Sustainable Livelihoods | Trafigura Foundation,"We support MSMEs and jobs for climate-resilient livelihoods; micro, small and medium enterprises generate up to 33% of GDP in developing countries.",Update Yoast fields,"index, follow",para3+para5 MSMEs 33% GDP,,46,147,Innovation and Technology for Sustainable Livelihoods — Trafigura Foundation,Enhancing climate resilience and promoting sustainable livelihoods: find out how we support workers and MSMEs affected by climate change.,Sustainable livelihoods
P0,Area of Work,https://trafigurafoundation.org/area-of-work/thriving-nature/,ecosystem-based adaptation,Thriving Nature | Trafigura Foundation,We fund ecosystem management and restoration so local communities can steward nature and adapt to climate change through nature-based solutions.,Update Yoast fields,"index, follow",para3+para4 EbA community stewards,,38,144,Area of Work: How We Support Sustainable Ecosystems — Trafigura Foundation,"Explore Thriving Nature and its role in sustainable ecosystems, supporting communities while enhancing climate resilience.",Thriving nature
P0,CPT Archive,https://trafigurafoundation.org/area-of-work/,climate adaptation funding,Areas of Work | Trafigura Foundation,"We fund climate adaptation for vulnerable communities and ecosystems through flexible, responsive programmes that help people and nature adapt.",Prefer noindex OR redirect to /areas-of-work/,"noindex, follow",para5 climate adaptation funding,missing meta description | should be noindex | Thin archive duplicates /areas-of-work/; missing meta; consider noindex or 301 to /areas-of-work/,36,143,Areas of works Archive — Trafigura Foundation,,We invest in solutions for communities and ecosystems most vulnerable to climate change
P0,CPT Archive,https://trafigurafoundation.org/news/,Trafigura Foundation news,News | Trafigura Foundation,"News on our climate adaptation funding, from blue economy and coastal protection in Tanzania to climate-resilient businesses in Argentina and Paraguay.",Fix archive H1 + Yoast meta,"index, follow",para1–3 news headlines Tanzania Argentina Paraguay,Archive uses homepage H1 and generic org meta; fix template H1 + Yoast,27,151,News Archive — Trafigura Foundation,"Established in 2007, The Trafigura Foundation invest in catalytic solutions that address climate adaptation, the socio-economic needs of vulnerable communities, and their connection with global supply chains.",We invest in solutions for communities and ecosystems most vulnerable to climate change
P0,CPT Archive,https://trafigurafoundation.org/partner-stories/,partner stories climate,Partner Stories | Trafigura Foundation,"Stories from partners helping communities and nature adapt to climate change, from coastal Tanzania to climate-resilient businesses in Argentina and Paraguay.",Update Yoast; consider consolidating UX with partners page,"index, follow",para1–3+para5 partner programme headlines,Archive overlaps with /partners-stories/ listing page,38,158,Trafigura Foundation: Empowering Communities Worldwide — Trafigura Foundation,Crafting effective meta descriptions is crucial for SEO. Learn how to write compelling meta descriptions for better search engine visibility.,We invest in solutions for communities and ecosystems most vulnerable to climate change
P0,Home,https://trafigurafoundation.org/,climate adaptation funding,Trafigura Foundation | Climate Adaptation Funding,"We invest in solutions for communities and ecosystems most vulnerable to climate change, funding partners that help people and nature adapt.",Update Yoast fields,"index, follow",h1+para5 climate adaptation funding,,49,140,Trafigura Foundation: Empowering Communities Worldwide — Trafigura Foundation,Crafting effective meta descriptions is crucial for SEO. Learn how to write compelling meta descriptions for better search engine visibility.,We invest in solutions for communities and ecosystems most vulnerable to climate change
P0,News,https://trafigurafoundation.org/news/7-reflections-from-new-york-climate-week/,New York Climate Week,7 Reflections from NYC Climate Week | Trafigura Foundation,"Executive Director Dario Soto Abril shares seven insights from New York Climate Week on resilience finance, funder collaboration and co-creation.",Update Yoast fields,"index, follow",para1 ED Dario Soto Abril seven insights,,58,145,7 Reflections from New York Climate Week | Trafigura Foundation,"Seven reflections from New York Climate Week on climate adaptation, partnerships and resilience finance.",7 Reflections from New York Climate Week
P0,News,https://trafigurafoundation.org/news/bridging-market-forces-and-ecosystem-protection-for-coastal-communities-in-tanzania/,coastal communities Tanzania,Coastal Communities in Tanzania | Trafigura Foundation,"Dario Soto-Abril reflects on Pemba Island, where Blue Alliance strengthens marine protected areas, sustainable tourism and aquaculture for climate resilience.",Update Yoast fields,"index, follow",para1+para3 Pemba Blue Alliance MPAs,,54,158,Bridging Market Forces and Ecosystem Protection for Coastal Communities in Tanzania — Trafigura Foundation,"Established in 2007, The Trafigura Foundation invest in catalytic solutions that address climate adaptation, the socio-economic needs of vulnerable communities, and their connection with global supply chains.",Bridging Market Forces and Ecosystem Protection for Coastal Communities in Tanzania
P0,News,https://trafigurafoundation.org/news/colombia-how-the-dream-of-acai-lifts-community-resilience/,açaí community resilience,Açaí and Community Resilience | Trafigura Foundation,Anne de Puybusque visits Colombia to see how Beneficial Returns backs Indigenous-led enterprises that create jobs while protecting the environment.,Update Yoast fields,"index, follow",para1–3 Beneficial Returns Colombia açaí,,52,147,Colombia: How “the Dream of Açaí” Lifts Community Resilience — Trafigura Foundation,"Established in 2007, The Trafigura Foundation invest in catalytic solutions that address climate adaptation, the socio-economic needs of vulnerable communities, and their connection with global supply chains.",Colombia: How “the Dream of Açaí” Lifts Community Resilience
P0,News,https://trafigurafoundation.org/news/connect-share-shape-partnership-highlights-from-nyc-climate-week/,NYC Climate Week partners,NYC Climate Week Partner Highlights | Trafigura Foundation,"Dario Soto Abril convened strategic partners at NYC Climate Week to share climate-resilience priorities, from flexible funding to donor collaboration.",Update Yoast fields,"index, follow",para1+para4 partner breakfast priorities,,58,150,"Connect, Share, Shape: Partnership… | Trafigura Foundation","Connect, Share, Shape: partnership highlights from New York Climate Week with Trafigura Foundation.","Connect, Share, Shape: Partnership Highlights from NYC Climate Week"
P0,News,https://trafigurafoundation.org/news/elementor-35238/,Nature Conservancy grant,Grant to The Nature Conservancy | Trafigura Foundation,"We support TNC's Natural Climate Solutions Accelerator in Argentina, Brazil and Peru, targeting 60,000 people and 750,000 hectares under improved management.",Delete or noindex; remove from sitemap,"noindex, follow",para1–3 TNC Accelerator LatAm targets,should be noindex | Junk URL in sitemap | Has real TNC Accelerator content but junk slug; republish with proper URL then index,54,157,New Grant to The Nature Conservancy — Trafigura Foundation,"Established in 2007, The Trafigura Foundation invest in catalytic solutions that address climate adaptation, the socio-economic needs of vulnerable communities, and their connection with global supply chains.",New Grant to The Nature Conservancy
P0,News,https://trafigurafoundation.org/news/field-visit-heading-off-humanitarian-crises-in-africa/,Start Network Eastern Africa,Eastern Africa Humanitarian Crises | Trafigura Foundation,"A field visit in Tanzania and Zimbabwe shows how Start Network's Start Fund delivers rapid, anticipatory responses before climate crises escalate.",Update Yoast fields,"index, follow",para1–2 Start Network Tanzania Zimbabwe,,57,146,Eastern Africa: Heading Off Humanitarian Crises — Trafigura Foundation,"Established in 2007, The Trafigura Foundation invest in catalytic solutions that address climate adaptation, the socio-economic needs of vulnerable communities, and their connection with global supply chains.",Eastern Africa: Heading Off Humanitarian Crises
P0,News,https://trafigurafoundation.org/news/field-visit-in-columbia-cultivating-climate-resilience/,Root Capital Colombia coffee,Colombia Climate Resilience | Trafigura Foundation,Laura Frühwald visits Sierra Nevada de Santa Marta to see how Root Capital helps Colombian coffee smallholders adapt to a shifting climate.,Update Yoast fields,"index, follow",para2–3 Root Capital Sierra Nevada coffee,Slug misspells Colombia (columbia),50,139,Colombia: Cultivating Climate Resilience — Trafigura Foundation,"Explore how Trafigura Foundation’s field visit to Colombia highlights initiatives focused on climate resilience, sustainability, and community",Colombia: Cultivating Climate Resilience
P0,News,https://trafigurafoundation.org/news/field-visit-in-mongolia-conserving-grasslands-to-protect-people-and-nature/,Mongolia grassland conservation,Mongolia Grassland Conservation | Trafigura Foundation,Nina Saalismaa visits Mongolia to see how The Nature Conservancy and government protect grasslands under pressure from climate change and overgrazing.,Update Yoast fields,"index, follow",para1–2 TNC Mongolia grasslands,,54,150,Mongolia: Conserving Grasslands to Protect People and Nature — Trafigura Foundation,"Established in 2007, The Trafigura Foundation invest in catalytic solutions that address climate adaptation, the socio-economic needs of vulnerable communities, and their connection with global supply chains.",Mongolia: Conserving Grasslands to Protect People and Nature
P0,News,https://trafigurafoundation.org/news/field-visit-inspecting-the-mechanics-of-coral-reef-conservation/,coral reef conservation Indonesia,Indonesia Coral Reef Conservation | Trafigura Foundation,Nina Saalismaa visits Indonesia to see how Wildlife Conservation Society protects coral ecosystems and livelihoods in the Sulu-Sulawesi Seascape.,Update Yoast fields,"index, follow",para1 WCS Sulu-Sulawesi coral,,56,145,Indonesia: Inspecting the Mechanics of Coral Reef Conservation — Trafigura Foundation,"Established in 2007, The Trafigura Foundation invest in catalytic solutions that address climate adaptation, the socio-economic needs of vulnerable communities, and their connection with global supply chains.",Indonesia: Inspecting the Mechanics of Coral Reef Conservation
P0,News,https://trafigurafoundation.org/news/fundacion-don-bosco-spain/,Don Bosco Incorpora Jóven,Don Bosco: Story of Diako | Trafigura Foundation,"Diako, a young Malian migrant in Seville, finds training and work through Fundación Don Bosco's Incorpora Jóven programme after arriving in Spain.",Update Yoast fields,"index, follow",para3–5 Don Bosco Incorpora Jóven Seville,,48,146,Don Bosco: Story of Diako — Trafigura Foundation,"Established in 2007, The Trafigura Foundation invest in catalytic solutions that address climate adaptation, the socio-economic needs of vulnerable communities, and their connection with global supply chains.",Don Bosco: Story of Diako
P0,News,https://trafigurafoundation.org/news/international-womens-day-inspiring-stories-of-empowerment/,BOMA Green REAP Ethiopia,Women's Empowerment Stories | Trafigura Foundation,"On International Women's Day, we spotlight BOMA's Green REAP in Ethiopia's Borena Zone, training women entrepreneurs for climate-resilient livelihoods.",Update Yoast fields,"index, follow",para2+para5 BOMA Green REAP Ethiopia,,50,151,International Women's Day: Inspiring Stories of Empowerment — Trafigura Foundation,"Established in 2007, The Trafigura Foundation invest in catalytic solutions that address climate adaptation, the socio-economic needs of vulnerable communities, and their connection with global supply chains.",International Women’s Day: Inspiring Stories of Empowerment
P0,News,https://trafigurafoundation.org/news/launch-of-our-climate-resilience-case-studies/,climate resilience case studies,Climate Resilience Case Studies | Trafigura Foundation,New field-based case studies show how communities gain secure livelihoods and manage natural resources through locally led climate resilience solutions.,Update Yoast fields,"index, follow",para1+para3 field case studies livelihoods,,54,152,New Field-based Case Studies on Climate Resilience — Trafigura Foundation,"Established in 2007, The Trafigura Foundation invest in catalytic solutions that address climate adaptation, the socio-economic needs of vulnerable communities, and their connection with global supply chains.",New Field-based Case Studies on Climate Resilience
P0,News,https://trafigurafoundation.org/news/looking-ahead-to-2026-with-local-leaders/,locally led climate funding,Looking Ahead to 2026 | Trafigura Foundation,"In 2025 we partnered with 25 organisations across 50 countries, with 79% of funding going to locally led initiatives; 2026 scales innovative finance.",Update Yoast fields,"index, follow",para1 25 orgs 50 countries 79%,,44,149,Looking Ahead to 2026 with Local Leaders — Trafigura Foundation,"Established in 2007, The Trafigura Foundation invest in catalytic solutions that address climate adaptation, the socio-economic needs of vulnerable communities, and their connection with global supply chains.",Looking Ahead to 2026 with Local Leaders
P0,News,https://trafigurafoundation.org/news/new-partnership-protecting-coastal-ecosystems-for-people-and-nature-with-blue-alliance/,Blue Alliance coastal ecosystems,Blue Alliance Coastal Partnership | Trafigura Foundation,"We support Blue Alliance regenerating coral reefs and coastal livelihoods in Indonesia, the Philippines and Tanzania, expanding MPAs toward 4 million hectares.",Update Yoast fields,"index, follow",para1+para4 Blue Alliance Indo Philippines Tanzania,,56,159,New Partnership to Protect Coastal Ecosystems for People and Nature — Trafigura Foundation,"Established in 2007, The Trafigura Foundation invest in catalytic solutions that address climate adaptation, the socio-economic needs of vulnerable communities, and their connection with global supply chains.",New Partnership to Protect Coastal Ecosystems for People and Nature
P0,News,https://trafigurafoundation.org/news/new-partnership-to-accelerate-innovations-for-climate-resilience/,Global Resilience Partnership,Global Resilience Partnership | Trafigura Foundation,"We support the Global Resilience Partnership to scale 25 innovation projects benefiting 200,000 people and mobilising USD 2 million for climate resilience.",Update Yoast fields,"index, follow","para2–3 GRP 25 projects 200,000 people",,52,155,New Partnership to Advance Innovations for Climate Resilience — Trafigura Foundation,"Established in 2007, The Trafigura Foundation invest in catalytic solutions that address climate adaptation, the socio-economic needs of vulnerable communities, and their connection with global supply chains.",New Partnership to Advance Innovations for Climate Resilience
P0,News,https://trafigurafoundation.org/news/new-partnership-to-build-climate-resilient-informal-settlements-in-africa/,climate-resilient informal settlements,Climate-Resilient Settlements in Africa | Trafigura Foundation,"We support SDI to strengthen climate resilience in informal settlements in South Africa, Zambia and Zimbabwe, targeting about 50,000 people across eight cities.",Update Yoast fields,"index, follow","para2+para5 SDI SA Zambia Zimbabwe 50,000",,62,160,New Partnership to Build Climate-Resilient Informal Settlements in Africa — Trafigura Foundation,"Established in 2007, The Trafigura Foundation invest in catalytic solutions that address climate adaptation, the socio-economic needs of vulnerable communities, and their connection with global supply chains.",New Partnership to Build Climate-Resilient Informal Settlements in Africa
P0,News,https://trafigurafoundation.org/news/new-partnership-to-make-conservation-profitable-for-farming-families-in-zambia/,COMACO Zambia partnership,Conservation Farming for Zambian Families | Trafigura Foundation,"Partnering with COMACO to help rural Zambian farmers adopt climate-resilient, chemical-free agriculture and reach premium markets via It's Wild!.",Update Yoast fields,"index, follow",para1–3 COMACO It's Wild! Zambia,,64,145,New Partnership to Make Conservation Profitable for Farming Families in Zambia — Trafigura Foundation,"Established in 2007, The Trafigura Foundation invest in catalytic solutions that address climate adaptation, the socio-economic needs of vulnerable communities, and their connection with global supply chains.",New Partnership to Make Conservation Profitable for Farming Families in Zambia
P0,News,https://trafigurafoundation.org/news/new-partnership-to-restore-safe-land-and-nature-in-angola/,HALO Trust Angola clearance,Mine Clearance Restoring Land in Angola | Trafigura Foundation,"Supporting The HALO Trust to clear 39.6 hectares of minefields in Bié Province and the Okavango Basin, benefiting nearly 9,000 people and restoring safe land.",Update Yoast fields,"index, follow",para2–3 HALO 39.6 ha Bié,,62,158,New partnership to Restore Safe Land and Nature in Angola — Trafigura Foundation,"Established in 2007, The Trafigura Foundation invest in catalytic solutions that address climate adaptation, the socio-economic needs of vulnerable communities, and their connection with global supply chains.",New partnership to Restore Safe Land and Nature in Angola
P0,News,https://trafigurafoundation.org/news/new-partnership-to-scale-blue-carbon-projects-and-strengthen-coastal-resilience/,Blue Catalyst Fund,Blue Catalyst Fund Coastal Resilience | Trafigura Foundation,"Supporting the Blue Catalyst Fund, a recoverable grant facility that readies mangrove and coastal blue carbon projects for investment readiness.",Update Yoast fields,"index, follow",para2–3 Blue Catalyst Fund revolving,,60,144,New Partnership to Advance Blue Carbon Projects and Coastal Resilience — Trafigura Foundation,"Established in 2007, The Trafigura Foundation invest in catalytic solutions that address climate adaptation, the socio-economic needs of vulnerable communities, and their connection with global supply chains.",New Partnership to Advance Blue Carbon Projects and Coastal Resilience
P0,News,https://trafigurafoundation.org/news/new-partnership-to-strengthen-communities-against-climate-disasters/,climate disaster MSME resilience,Climate Disaster Resilience for MSMEs | Trafigura Foundation,"Supporting New Energy Nexus to embed climate adaptation for MSMEs in Indonesia, Nigeria and Pakistan—from cooling technologies to reliable backup power.",Update Yoast fields,"index, follow",para2–3 NEX three countries,,60,152,New Partnership to Strengthen Communities Against Climate Disasters — Trafigura Foundation,"Established in 2007, The Trafigura Foundation invest in catalytic solutions that address climate adaptation, the socio-economic needs of vulnerable communities, and their connection with global supply chains.",New Partnership to Strengthen Communities Against Climate Disasters
P0,News,https://trafigurafoundation.org/news/new-partnership-to-strengthen-community-led-conservation-in-africa/,Maliasili community conservation,Community-Led Conservation in Africa | Trafigura Foundation,"Partnering with Maliasili to strengthen 19 local conservation organisations in five African countries, improving management of 2.7 million hectares.",Update Yoast fields,"index, follow",para1+para4 Maliasili 19 orgs,,59,148,New Partnership to Strengthen Community-Led Conservation in Africa — Trafigura Foundation,"Established in 2007, The Trafigura Foundation invest in catalytic solutions that address climate adaptation, the socio-economic needs of vulnerable communities, and their connection with global supply chains.",New Partnership to Strengthen Community-Led Conservation in Africa
P0,News,https://trafigurafoundation.org/news/new-partnership-to-support-climate-resilient-small-businesses-in-argentina-and-paraguay/,Sumatoria climate resilience loans,Climate Loans in Argentina & Paraguay | Trafigura Foundation,A three-year grant to Sumatoria expands affordable impact loans for small businesses and cooperatives in Argentina and Paraguay via blended finance.,Update Yoast fields,"index, follow",para2+para4 Sumatoria Climate Resilience Window,,60,148,New Partnership Supporting Climate-resilient Businesses in Argentina and Paraguay — Trafigura Foundation,"Established in 2007, The Trafigura Foundation invest in catalytic solutions that address climate adaptation, the socio-economic needs of vulnerable communities, and their connection with global supply chains.",New Partnership Supporting Climate-resilient Businesses in Argentina and Paraguay
P0,News,https://trafigurafoundation.org/news/new-partnership-to-support-climate-tech-innovation-in-emerging-markets/,climate-tech emerging markets,Climate-Tech for Emerging Markets | Trafigura Foundation,"Backing New Energy Nexus to scale climate-tech for urban SMEs in Indonesia, Nigeria and Pakistan with technical assistance and funding pathways.",Update Yoast fields,"index, follow",para1+para3 NEX urban SMEs,,56,144,New Partnership to Support Climate-tech Innovation in Emerging Markets — Trafigura Foundation,"Established in 2007, The Trafigura Foundation invest in catalytic solutions that address climate adaptation, the socio-economic needs of vulnerable communities, and their connection with global supply chains.",New Partnership to Support Climate-tech Innovation in Emerging Markets
P0,News,https://trafigurafoundation.org/news/responding-to-mozambiques-worst-floods-in-40-years/,Mozambique flood relief cash,Mozambique Flood Relief Cash Transfers | Trafigura Foundation,"With GiveDirectly, delivering 7,500 MZN mobile cash transfers to 400+ households in Sofala after Mozambique's worst floods in over 40 years.",Update Yoast fields,"index, follow",para1+para3 GiveDirectly Sofala,,61,140,Responding to Mozambique’s Worst Floods in 40 Years — Trafigura Foundation,"Established in 2007, The Trafigura Foundation invest in catalytic solutions that address climate adaptation, the socio-economic needs of vulnerable communities, and their connection with global supply chains.",Responding to Mozambique’s Worst Floods in 40 Years
P0,News,https://trafigurafoundation.org/news/seeking-experts-to-develop-resilience-case-studies/,resilience case studies consultants,Resilience Case Studies Consultant Call | Trafigura Foundation,Seeking consultants to develop three to five case studies analysing Foundation-funded resilience programmes; submissions closed 31 July 2025.,Update Yoast fields,"index, follow",para1+para2+para5 case studies RFP,,62,141,Seeking Experts to Create Impactful Case Studies — Trafigura Foundation,"Established in 2007, The Trafigura Foundation invest in catalytic solutions that address climate adaptation, the socio-economic needs of vulnerable communities, and their connection with global supply chains.",Seeking Experts to Create Impactful Case Studies
P0,News,https://trafigurafoundation.org/news/the-trafigura-foundation-announces-new-partnerships-for-2024-2026/,2024-2026 new partnerships,New Partnerships for 2024–2026 | Trafigura Foundation,"Announcing strategic 2024–2026 partnerships for climate adaptation across Africa, Asia and Latin America, including scaling Plan Vivo with farming communities.",Update Yoast fields,"index, follow",para3–5 Plan Vivo region-wide,,53,159,Trafigura Foundation Announces New Partnerships for 2024-2026 — Trafigura Foundation,"Established in 2007, The Trafigura Foundation invest in catalytic solutions that address climate adaptation, the socio-economic needs of vulnerable communities, and their connection with global supply chains.",Trafigura Foundation Announces New Partnerships for 2024-2026
P0,News,https://trafigurafoundation.org/news/the-trafigura-foundation-is-seeking-a-programme-manager/,Programme Manager Geneva vacancy,Programme Manager Role in Geneva | Trafigura Foundation,"Hiring a Programme Manager for a 9-month full-time maternity cover in Geneva to oversee partnerships, support grantees and build the pipeline.",Update Yoast fields,"index, follow",para1–2 Geneva maternity cover,,55,142,The Trafigura Foundation is Seeking a Programme Manager — Trafigura Foundation,"Established in 2007, The Trafigura Foundation invest in catalytic solutions that address climate adaptation, the socio-economic needs of vulnerable communities, and their connection with global supply chains.",The Trafigura Foundation is Seeking a Programme Manager
P0,News,https://trafigurafoundation.org/news/trafigura-foundation-2025-annual-report-2/,2025 Annual Report,2025 Annual Report | Trafigura Foundation,The 2025 Annual Report details accelerated climate resilience work with 25 partners in 50 countries and 79% of funding to locally led solutions.,Update Yoast fields,"index, follow",para2 + lis 25 partners 50 countries,,41,144,Trafigura Foundation 2025 Annual Report — Trafigura Foundation,"Established in 2007, The Trafigura Foundation invest in catalytic solutions that address climate adaptation, the socio-economic needs of vulnerable communities, and their connection with global supply chains.",Trafigura Foundation 2025 Annual Report
P0,News,https://trafigurafoundation.org/news/trafigura-foundation-joins-global-pledge-to-protect-coral-reefs/,coral reefs climate pledge,Global Pledge to Protect Coral Reefs | Trafigura Foundation,"At UNOC3 in Nice, joining funders of a global pledge—led with WCS and partners—to protect climate-resilient coral reefs in eleven countries.",Update Yoast fields,"index, follow",para1–2 + para4 WCS UNOC3,,59,140,Trafigura Foundation Joins Global Pledge to Protect Coral Reefs — Trafigura Foundation,"Established in 2007, The Trafigura Foundation invest in catalytic solutions that address climate adaptation, the socio-economic needs of vulnerable communities, and their connection with global supply chains.",Trafigura Foundation Joins Global Pledge to Protect Coral Reefs
P0,News,https://trafigurafoundation.org/news/trafigura-foundation-signs-a-call-to-action-to-accelerate-action-on-climate-adaptation/,climate adaptation call to action,Call to Action on Climate Adaptation | Trafigura Foundation,"Signing with twenty-one philanthropies a COP28-era call to accelerate climate adaptation finance, shared learning and coordinated resilience strategies.",Update Yoast fields,"index, follow",para1–2 twenty-one funders COP28,,59,152,Trafigura Foundation Signs a Call to Action to Accelerate Action on Climate Adaptation — Trafigura Foundation,"Established in 2007, The Trafigura Foundation invest in catalytic solutions that address climate adaptation, the socio-economic needs of vulnerable communities, and their connection with global supply chains.",Trafigura Foundation Signs a Call to Action to Accelerate Action on Climate Adaptation
P0,News,https://trafigurafoundation.org/news/trafigura-foundation-supports-emergency-flood-relief-in-pakistan/,Pakistan flood relief IDEA,Emergency Flood Relief in Pakistan | Trafigura Foundation,"An emergency donation to IDEA (READY Pakistan / Start Network) funds food and health aid for about 4,800 people hit by severe monsoon floods.",Update Yoast fields,"index, follow",para1+para3 IDEA READY Pakistan,,57,141,Trafigura Foundation Supports Emergency Flood Relief in Pakistan — Trafigura Foundation,"Established in 2007, The Trafigura Foundation invest in catalytic solutions that address climate adaptation, the socio-economic needs of vulnerable communities, and their connection with global supply chains.",Trafigura Foundation Supports Emergency Flood Relief in Pakistan
P0,News,https://trafigurafoundation.org/news/trafigura-foundation-supports-outrigger-impact-fund-to-scale-climate-resilience-in-island-communities/,Outrigger Impact Fund islands,Outrigger Fund for Island Resilience | Trafigura Foundation,"Backing Outrigger Impact Fund I, a blended finance vehicle for blue economy businesses in Small Island Developing States building climate resilience.",Update Yoast fields,"index, follow",para1–2 Outrigger SIDS blue economy,,59,149,Trafigura Foundation Invests in Blue Economy Solutions for Resilient Island Communities — Trafigura Foundation,"Established in 2007, The Trafigura Foundation invest in catalytic solutions that address climate adaptation, the socio-economic needs of vulnerable communities, and their connection with global supply chains.",Trafigura Foundation Invests in Blue Economy Solutions for Resilient Island Communities
P0,Page,https://trafigurafoundation.org/areas-of-work/,climate adaptation areas of work,Areas of Work | Trafigura Foundation,"Our climate adaptation work spans three linked areas: sustainable livelihoods, thriving nature, and prepared communities facing climate risk.",Update Yoast fields,"index, follow",h2 + paras livelihoods nature prepared,Keep as main hub; differentiate from /area-of-work/ CPT archive,36,141,Areas of Work Archive | Trafigura Foundation,"Browse Trafigura Foundation areas of work advancing climate resilience through livelihoods, nature and prepared communities.",AREAS OF WORK
P0,Page,https://trafigurafoundation.org/content-hub/,Trafigura Foundation content hub,Content Hub | Trafigura Foundation,"News, insights and publications on Foundation partnerships—from blue economy investments to climate-resilient businesses and coastal blue carbon.",Update Yoast fields,"index, follow",h2s + listed news headlines,,34,145,Unlocking Knowledge with the Trafigura Foundation Content Hub — Trafigura Foundation,Unlocking knowledge and driving impact with the Trafigura Foundation Content Hub - learn how its empowering communities.,content hub
P0,Page,https://trafigurafoundation.org/our-approach/,climate adaptation funding approach,Our Approach to Climate Adaptation | Trafigura Foundation,We organise multi-year collective action and catalytic funding so climate adaptation solutions scale for vulnerable communities and ecosystems.,Update Yoast fields,"index, follow",para1–2 + catalytic funding para,Generic meta; align with 2023–2027 strategy narrative,57,143,The Approach of Trafigura Foundation: Investing in Positive Change — Trafigura Foundation,Discover the impactful work of the Trafigura Foundation and their unique approach to making a difference in communities.,Our Approach
P0,Page,https://trafigurafoundation.org/partners-stories/,Trafigura Foundation partners,Our Partners | Trafigura Foundation,"Browse partners advancing climate resilience—from Sumatoria and COMACO to The HALO Trust, Blue Catalyst Fund and The Nature Conservancy.",Update Yoast fields; clarify IA vs /partner-stories/,"index, follow",paras listing Sumatoria COMACO HALO,,35,136,Explore the Impact of Trafigura Foundation: Partners Stories — Trafigura Foundation,Optimize your meta descriptions for better SEO. Learn how to create compelling and informative meta descriptions that drive traffic.,Our Partners
P0,Page,https://trafigurafoundation.org/who-we-are/,Trafigura Foundation climate adaptation,Trafigura Foundation | Who We Are,"We invest in catalytic solutions for resilient communities and ecosystems, closing the adaptation finance gap as needs near USD 340 billion a year by 2030.",Update Yoast fields,"index, follow",para3 UN adaptation gap + mission para,,33,155,Who we are - Trafigura Foundation: Empowering Communities — Trafigura Foundation,Uncover the mission of the About Trafigura Foundation. We prioritize climate adaptation and support for critical development challenges.,who we are
P0,Partner Story,https://trafigurafoundation.org/partner-stories/plan-vivo-foundation-2/,Plan Vivo carbon finance,Plan Vivo Foundation Partnership | Trafigura Foundation,"Supporting Plan Vivo so climate-vulnerable communities can design carbon-credit projects, access the voluntary carbon market and share benefits fairly.",Update Yoast fields,"index, follow",para4–5 Plan Vivo inclusive VCM,Possible duplicate slug (numbered); review canonical vs primary partner page,55,151,Plan Vivo Foundation — Trafigura Foundation,"Established in 2007, the Trafigura Foundation invests in catalytic solutions that address climate adaptation, the socio-economic needs of vulnerable communities, and their connection with global supply chains.",Plan Vivo Foundation
P0,Partner Story,https://trafigurafoundation.org/partner-stories/planet-indonesia-2/,Planet Indonesia West Kalimantan,Planet Indonesia in West Kalimantan | Trafigura Foundation,"Supporting Planet Indonesia's ecosystem-based adaptation in West Kalimantan, protecting nearly a million hectares and benefiting about 17,000 families.",Update Yoast fields,"index, follow","para2+para5 West Kalimantan 17,000 families",Possible duplicate slug (numbered); review canonical vs primary partner page,58,151,Planet Indonesia — Partner Stories - Trafigura Foundation,Learn about Planet Indonesia and the ongoing support for ecosystem conservation in West Kalimantan. A brighter future awaits.,Planet Indonesia
P0,Partner Story,https://trafigurafoundation.org/partner-stories/root-capital-3/,Root Capital cocoa finance,Root Capital Cocoa Finance | Trafigura Foundation,"Root Capital backs Peruvian cocoa cooperatives with catalytic finance, climate adaptation plans, and advisory to help 4,000 producers raise incomes.",Update Yoast fields,"index, follow","para2–4+lis Peru cocoa; 4,000 producers",Possible duplicate slug (numbered); review canonical vs primary partner page,49,148,Trafigura Foundation's Impact Through Root Capital Collaboration,Explore the partnership between Trafigura Foundation and Root Capital focused on financing sustainable farming initiatives.,Root Capital
P0,Partner Story,https://trafigurafoundation.org/partner-stories/root-capital-4/,Root Capital Central America,Root Capital Central America | Trafigura Foundation,"From 2018–2021, Root Capital trained 12 coffee, honey and cocoa cooperatives in Guatemala, Honduras, Mexico and Nicaragua, benefiting 3,310 farmers.",Update Yoast fields,"index, follow","para2 12 co-ops; 3,310 farmers",Possible duplicate slug (numbered); review canonical vs primary partner page,51,148,Root Capital (Central America) — Trafigura Foundation,"Established in 2007, the Trafigura Foundation invests in catalytic solutions that address climate adaptation, the socio-economic needs of vulnerable communities, and their connection with global supply chains.",Root Capital (Central America)
P0,Partner Story,https://trafigurafoundation.org/partner-stories/the-international-rescue-committee-irc-2/,IRC health supply chains,IRC Health Capacity Building | Trafigura Foundation,"From 2021–2023, Trafigura Foundation helped IRC upgrade health infrastructure, recruit pharmacists, and expand pharmaceutical e-learning for field staff.",Update Yoast fields,"index, follow",para3–4 2021–2023 pharmacists/e-learning,Possible duplicate slug (numbered); review canonical vs primary partner page,51,153,The International Rescue Committee — Trafigura Foundation,"Established in 2007, the Trafigura Foundation invests in catalytic solutions that address climate adaptation, the socio-economic needs of vulnerable communities, and their connection with global supply chains.",The International Rescue Committee
P0,Partner Story,https://trafigurafoundation.org/partner-stories/the-nature-conservancy-2/,Africa Forest Carbon Catalyst,Africa Forest Carbon Catalyst | Trafigura Foundation,"Trafigura Foundation backs The Nature Conservancy's Africa Forest Carbon Catalyst in Congo and Zambia, building investment-ready forest carbon projects.",Update Yoast fields,"index, follow",para3–5 AFCC Congo & Zambia,Possible duplicate slug (numbered); review canonical vs primary partner page,52,152,The Nature Conservancy Partnership | Trafigura Foundation,Discover how Trafigura Foundation collaborates with The Nature Conservancy to promote conservation and protect natural ecosystems.,The Nature Conservancy
P0,Utility,https://trafigurafoundation.org/do-not-delete-4/,do not delete utility,Do Not Delete | Trafigura Foundation,Internal utility placeholder page retained for Trafigura Foundation site maintenance. This page is not intended for public search visibility.,"Set noindex,nofollow in Yoast; remove from sitemap","noindex, follow",h1 only (empty body),should be noindex | INDEXABLE utility page,36,141,do not delete — Trafigura Foundation,"Established in 2007, The Trafigura Foundation invest in catalytic solutions that address climate adaptation, the socio-economic needs of vulnerable communities, and their connection with global supply chains.",do not delete
P0,Utility,https://trafigurafoundation.org/do-not-delete/,do not delete placeholder,Do Not Delete | Trafigura Foundation,"Internal placeholder page with a sample heading and lorem text, retained for Trafigura Foundation site structure and not for public indexing.","Set noindex,nofollow in Yoast; remove from sitemap","noindex, follow",h1 Heading 1 + lorem para,should be noindex | INDEXABLE utility page with H1 'Heading 1',36,141,do not delete — Trafigura Foundation,"Established in 2007, The Trafigura Foundation invest in catalytic solutions that address climate adaptation, the socio-economic needs of vulnerable communities, and their connection with global supply chains.",Heading 1
P1,News,https://trafigurafoundation.org/news/2023-2027-strategic-centring-our-funding-on-climate-adaptation/,2023-2027 climate adaptation strategy,2023–2027 Climate Adaptation Strategy | Trafigura Foundation,Trafigura Foundation's 2023–2027 strategy centres funding on climate adaptation through catalytic solutions for resilient communities and ecosystems.,Update Yoast fields,"index, follow",para1+para3 mission; adaptation focus,,60,149,2023-2027 Strategy: Centring our Funding on Climate Adaptation — Trafigura Foundation,"Explore Trafigura Foundation's commitment to climate adaptation through its 2023-2027 strategy, focusing on sustainable funding .",2023-2027 Strategy: Centring our Funding on Climate Adaptation
P1,News,https://trafigurafoundation.org/news/addressing-climate-and-health-an-investment-opportunity-for-social-investors/,climate health investment panel,Climate & Health Investment Panel | Trafigura Foundation,Executive Director Dario Soto Abril joined an AVPN Asia WHO World Health Assembly side panel on climate–health investment for social investors.,Update Yoast fields,"index, follow",para2 AVPN WHO WHA panel,,56,143,Addressing Climate and Health: Investing in a Sustainable Future — Trafigura Foundation,Discover the impact of climate change on health and explore investment opportunities to address these challenges. Join our panel discussion.,Addressing Climate and Health: An Investment Opportunity for Social Investors
P1,News,https://trafigurafoundation.org/news/celebrating-continuous-learning-annes-training-achievement/,impact management training Brussels,Anne's Impact Management Training | Trafigura Foundation,Programme Manager Anne Nayral de Puybusque completed Impact Europe's 10-week Impact Management training in Brussels with 21 practitioners from 15 countries.,Update Yoast fields,"index, follow",para2 Impact Europe 10-week Brussels,,56,156,Empowering Impact Investing: Anne's Training Success Story — Trafigura Foundation,Gain insights into the world of impact investing. Explore the lessons learned from a comprehensive training program in Brussels.,Celebrating Continuous Learning: Anne’s Training Achievement
P1,News,https://trafigurafoundation.org/news/executive-director-joins-white-house-meeting/,PCA White House meeting,White House Meeting with PCA | Trafigura Foundation,Executive Director Dario Soto Abril joined Partnership for Central America at the White House as PCA announced over $1 billion in private commitments.,Update Yoast fields,"index, follow",para1 PCA White House $1bn,,51,150,Executive Director Joins White House Meeting — Trafigura Foundation,"Trafigura Foundation’s Executive Director participated in a White House meeting to discuss global challenges, sustainability efforts.",Executive Director Joins White House Meeting
P1,News,https://trafigurafoundation.org/news/field-visit-in-indonesia-experience-thriving-nature-in-borneo/,Planet Indonesia Borneo visit,Planet Indonesia Borneo Field Visit | Trafigura Foundation,"Nina Saalismaa visited Planet Indonesia in Borneo, seeing community-led agroforestry and governance near Gunung Nyiut nature reserve, West Kalimantan.",Update Yoast fields,"index, follow",para2–3 Planet Indonesia Gunung Nyiut,,58,150,Borneo: Experience Thriving Nature — Trafigura Foundation,Trafigura Foundation's field visit to Borneo highlights thriving ecosystems and the importance of biodiversity conservation in Indonesia.,Borneo: Experience Thriving Nature
P1,News,https://trafigurafoundation.org/news/field-visit-joining-the-dots-to-build-climate-resilience-in-east-africa/,BOMA climate resilience East Africa,Climate Resilience in Eastern Africa | Trafigura Foundation,Programme Manager Anne de Puybusque visited Kenya and Ethiopia to see how partner BOMA helps dryland communities strengthen livelihoods and ecosystems.,Update Yoast fields,"index, follow",para1–2 BOMA Kenya & Ethiopia,,59,151,Joining the Dots to Build Climate Resilience in East Africa — Trafigura Foundation,Explore how to build climate resilience in East Africa through effective programs that uplift livelihoods and ecosystems.,Eastern Africa: Joining the Dots to Build Climate Resilience
P1,News,https://trafigurafoundation.org/news/field-visit-tanzania-uniting-climate-protection-with-community-resilience/,Tanzania forest carbon field visit,TNC Tanzania Carbon Field Visit | Trafigura Foundation,Nina Saalismaa and Celine Guerin joined The Nature Conservancy's Africa Forest Carbon Catalyst donor visit to community carbon projects in Tanzania.,Update Yoast fields,"index, follow",para2–3 TNC AFCC Tanzania visit,,54,148,Uniting Climate Protection and Community Resilience in Tanzania — Trafigura Foundation,Discover how The Nature Conservancy works with local communities and stakeholders in Tanzania to maximize gains in carbon sequestration.,Tanzania: Uniting Climate Protection with Community Resilience
P1,News,https://trafigurafoundation.org/news/fostering-collective-action-insights-from-the-latimpacto-annual-conference/,Latimpacto climate adaptation conference,Latimpacto Climate Conference | Trafigura Foundation,Executive Director Dario Soto Abril joined a Latimpacto roundtable in Mexico on Latin America's climate adaptation finance gap with CAF and Fundación Avina.,Update Yoast fields,"index, follow",para1–2 Latimpacto Mexico CAF Avina,,52,156,Scaling Climate Solutions: Highlights from Latimpacto Conference — Trafigura Foundation,Discover the initiatives to address climate resilience in Latin America. Join the dialogue-based workshop during Climate Week in New York.,Fostering Collective Action: Insights from the Latimpacto Annual Conference
P1,News,https://trafigurafoundation.org/news/honouring-womens-day-empowering-communities-globally/,Women’s Day partner empowerment,Women's Day Partner Spotlights | Trafigura Foundation,"On International Women's Day, Trafigura Foundation highlights partners BOMA, Root Capital, Planet Indonesia and Nuru empowering women entrepreneurs.",Update Yoast fields,"index, follow",para2–5 BOMA Root Capital Planet Nuru,,53,148,Honouring Women’s Day: Empowering Communities Globally — Trafigura Foundation,Learn how Women’s Day initiatives create pathways out of poverty for women through entrepreneurship and community governance.,Honouring Women’s Day: Empowering Communities Globally
P1,News,https://trafigurafoundation.org/news/innovate-collaborate-sustain/,COP 28 Executive Director message,Executive Director's COP 28 Message | Trafigura Foundation,"At COP 28 in Dubai, Executive Director Dario Soto-Abril calls on partners to unite, collaborate and scale climate action for a resilient planet.",Update Yoast fields,"index, follow",para1 COP 28 Dubai message,,58,144,"Innovate, Collaborate, Sustain | Trafigura Foundation Initiatives",Discover Trafigura Foundation's commitment to sustainability through innovative collaborations that create impactful solutions for communities,Our Executive Director’s Message for COP 28
P1,News,https://trafigurafoundation.org/news/looking-ahead-building-resilience-for-2025/,climate resilience funding 2025,Fostering Resilience in 2025 | Trafigura Foundation,"Closing 2024, Trafigura Foundation celebrates partners' climate adaptation work and recommits to funding solutions that help people and nature thrive in 2025.",Update Yoast fields,"index, follow",para1 look-ahead 2025 adaptation,,51,158,Fostering Resilience in 2025 — Trafigura Foundation,"Looking ahead to 2025, we remain committed to funding innovative solutions that empower both people and nature to thrive in a changing climate.",Fostering Resilience in 2025
P1,News,https://trafigurafoundation.org/news/new-partnerships-to-advance-climate-adaptation-and-equip-youth-for-the-green-economy/,new climate adaptation partnerships,New Climate Adaptation Partnerships | Trafigura Foundation,"Trafigura Foundation announces three new partnerships for climate adaptation, including Root Capital catalytic finance and advisory for agri-enterprises.",Update Yoast fields,"index, follow",para1–2+para5 three partnerships; Root Capital,,58,153,Trafigura Foundation climate adaptation partnerships 2025 — Trafigura Foundation,"Explore the Trafigura Foundation's strategic partnerships to With Planet Indonesia, and Education for Employment",New Partnerships to Advance Climate Adaptation and Equip Youth for the Green Economy
P1,News,https://trafigurafoundation.org/news/our-foundation-granted-observer-status-at-the-un-biodiversity-conference-cop16/,COP16 biodiversity observer status,COP16 Observer Status in Cali | Trafigura Foundation,"Trafigura Foundation held observer status at UN Biodiversity COP16 in Cali, Colombia, advancing Latimpacto climate dialogues and partner engagement.",Update Yoast fields,"index, follow",para1+para3 COP16 Cali observer,,52,148,Observer Status at United Nations Biodiversity Conference — Trafigura Foundation,Explore the Observer Status at United Nations Biodiversity Conference in Colombia and its impact on global climate action.,UN Biodiversity Conference (COP16): Our Foundation Granted Observer Status
P1,News,https://trafigurafoundation.org/news/our-foundation-is-accredited-to-attend-the-2025-un-ocean-conference/,2025 UN Ocean Conference accreditation,Accredited for 2025 UN Ocean Conference | Trafigura Foundation,"Trafigura Foundation is accredited for the 2025 UN Ocean Conference in Nice (9–13 June), co-hosted by France and Costa Rica to advance SDG 14.",Update Yoast fields,"index, follow",para1–2 Nice June 2025 SDG 14,,62,142,Trafigura Foundation in the 2025 UN Ocean Conference — Trafigura Foundation,"Join the discussion at the UN Ocean Conference in Nice, focusing on sustainable ocean use and conservation strategies.",Our Foundation is Accredited to Attend the 2025 UN Ocean Conference
P1,News,https://trafigurafoundation.org/news/our-foundation-supports-relief-efforts-in-flood-stricken-rio-grande-do-sul-brazil/,Brazil flood relief CUFA,Rio Grande do Sul Flood Relief | Trafigura Foundation,"Trafigura Foundation backs CUFA's flood relief in Rio Grande do Sul, Brazil, after rains displaced over 600,000 people and affected 1.9 million.",Update Yoast fields,"index, follow",para2+para4 CUFA; 1.9M affected,,53,144,Helping Rio Grande do Sul Recover from Devastating Floods — Trafigura Foundation,"Learn about the devastating floods in Rio Grande do Sul, Brazil, and the humanitarian response efforts to support affected communities.","Our Foundation Supports Relief Efforts in Flood-Stricken Rio Grande do Sul, Brazil"
P1,News,https://trafigurafoundation.org/news/regenerative-food-systems/,regenerative food producers,Regenerative Food Producers | Trafigura Foundation,"Partner The Nature Conservancy profiles regenerative producers using agroforestry, cover crops and no-till to restore soils from Brazil to Kenya.",Update Yoast fields,"index, follow",para3–5 TNC regenerative practices,,50,145,Regenerative Food Producers: Champions of Climate Resilience — Trafigura Foundation,Trafigura Foundation is driving regenerative food systems that promote sustainable agriculture and support local communities. Learn more.,Regenerative Food Producers: Champions of Climate Resilience
P1,News,https://trafigurafoundation.org/news/supporting-the-un-led-operation/,FSO Safer Red Sea,Preventing Red Sea Oil Spill | Trafigura Foundation,"Trafigura Foundation contributed USD 2 million to the UNDP-led salvage of the decaying FSO Safer, carrying 1.1 million barrels off Yemen's Red Sea coast.",Update Yoast fields,"index, follow",para2–4 FSO Safer; USD2M UNDP,,51,153,Supporting a United Nations-led Operation to Prevent an Oil Spill in the Red Sea — Trafigura Foundation,"Learn about Trafigura Foundation’s role in supporting UN-led operations focused on global sustainability, humanitarian aid.",Supporting a United Nations-led Operation to Prevent an Oil Spill in the Red Sea
P1,News,https://trafigurafoundation.org/news/the-trafigura-foundation-is-seeking-an-investment-manager-to-join-its-efforts/,investment manager climate impact,Investment Manager Role | Trafigura Foundation,"Hiring an Investment Manager for climate-sector impact investing under the five-year strategy, ideally with emerging and frontier market experience.",Update Yoast fields,"index, follow",para2+para3 impact investing climate,,46,148,Investment Manager Position for Climate Impact — Trafigura Foundation,"Explore the Investment Manager Position at the Trafigura Foundation, focusing on climate adaptation and impact investments.",The Trafigura Foundation Seeks an Investment Manager to Further Its Mission
P1,News,https://trafigurafoundation.org/news/trafigura-foundation-2021-annual-report/,2021 annual report,2021 Annual Report | Trafigura Foundation,The 2021 annual report covers protecting partners' progress amid COVID-19 while advancing a philanthropic strategy that incorporates climate action.,Update Yoast fields,"index, follow",para1+para2 COVID resilience climate,,41,148,A Look into the Trafigura Foundation 2021 Annual Report — Trafigura Foundation,"Discover how the Trafigura Foundation is navigating the tumultuous year of 2021, protecting progress and incorporating climate action.",Trafigura Foundation 2021 Annual Report
P1,News,https://trafigurafoundation.org/news/trafigura-foundation-2022-annual-report/,2020 annual report COVID,2020 Annual Report | Trafigura Foundation,The 2020 annual report details the COVID-19 response: reallocating resources so partners could keep serving those most in need during the crisis.,Update Yoast fields,"index, follow",h1+para1+para2 COVID response,Slug says 2022 but page H1/content is 2020 Annual Report — fix slug or title alignment,41,145,Trafigura Foundation 2020 Annual Report: Adapting to the Crisis — Trafigura Foundation,"Trafigura Foundation partners with Planet Indonesia to support biodiversity, protect ecosystems, and empower communities for sustainable live.",Trafigura Foundation 2020 Annual Report
P1,News,https://trafigurafoundation.org/news/trafigura-foundation-enters-2025-with-three-new-partnerships/,Climate Smart Forest Economy,2025 Climate Partnerships | Trafigura Foundation,"Two new 2025 partnerships advance climate-proof prosperity, including the Climate Smart Forest Economy Program's East Africa forest-products coalition.",Update Yoast fields,"index, follow",para1+para3 CSFEP East Africa,,48,151,Trafigura Foundation climate change partnerships 2025 — Trafigura Foundation,Explore the impact of climate change partnerships 2025. Discover how the Trafigura Foundation is supporting sustainable initiatives.,Trafigura Foundation Enters 2025 with Two New Partnerships
P1,News,https://trafigurafoundation.org/news/trafigura-foundation-partners-with-nuru-to-strengthen-rural-resilience-in-west-africa/,Nuru West Africa partnership,Nuru Partnership | Trafigura Foundation,"Partnership with Nuru expands climate-resilient farm cooperatives in Ghana and launches work in Benin, Niger and Togo for conflict-affected communities.",Update Yoast fields,"index, follow",para2+para3 Nuru Ghana Benin Niger Togo,,39,152,Trafigura Foundation partnership with Nuru for West Africa — Trafigura Foundation,Explore the new partnership with Nuru aimed at enhancing agricultural cooperatives in conflict-impacted communities.,Trafigura Foundation Partners with Nuru to Strengthen Rural Resilience in West Africa
P1,News,https://trafigurafoundation.org/news/trafigura-foundation-publishes-2023-annual-report/,2023 annual report,2023 Annual Report | Trafigura Foundation,The 2023 annual report covers the 2023–2027 climate adaptation strategy and how partnerships boost resilience for vulnerable communities and ecosystems.,Update Yoast fields,"index, follow",para1 strategy climate adaptation,,41,152,Profiles of Key Partners: Trafigura Foundation 2023 Annual Report — Trafigura Foundation,Learn how the Foundation catalyzes sustainable development and builds partnerships to prevent disasters and foster economic opportunities.,Trafigura Foundation 2023 Annual Report
P1,News,https://trafigurafoundation.org/news/trafigura-foundation-publishes-2024-annual-report/,2024 annual report,2024 Annual Report | Trafigura Foundation,"2024 annual report: 22 partners and 41 climate initiatives across 31 countries, reaching 60,000 people and mobilising USD 10 million in catalytic funding.",Update Yoast fields,"index, follow",lis 22 partners 41 initiatives 60k USD10m,,41,154,Trafigura Foundation 2024 Annual Report — Trafigura Foundation,"Explore the Trafigura annual report for 2024, highlighting impactful climate solutions and partnerships with global organizations.",Trafigura Foundation 2024 Annual Report
P1,News,https://trafigurafoundation.org/news/trafigura-foundation-responds-to-united-nations-call-on-extreme-heat/,extreme heat climate adaptation,UN Extreme Heat Call | Trafigura Foundation,"Joining ClimateWorks Foundation's extreme-heat call, backing a philanthropy coalition investing an initial USD 50 million in climate adaptation.",Update Yoast fields,"index, follow",para2+para3 ClimateWorks USD 50m,,43,144,United Nations Extreme Heat: A Call to Action — Trafigura Foundation,Trafigura Foundation's $50 million investment in climate adaptation and resilience efforts to tackle extreme heat impact. Take action now!,Trafigura Foundation Responds to United Nations Call on Extreme Heat
P1,News,https://trafigurafoundation.org/news/trafigura-foundation-supports-flood-relief-efforts-in-china/,China flood relief Huludao,China Flood Relief | Trafigura Foundation,"Urgent flood relief for Huludao, Liaoning, after rains hit 2,470 households; Trafigura Shanghai funding covers food, supplies and secondary disasters.",Update Yoast fields,"index, follow",para2+para3 Huludao 2470 households,,41,150,Trafigura Foundation Supports Flood Relief Efforts in China — Trafigura Foundation,"Discover the devastating effects of the recent flooding in Huludao, China. Trafigura Foundation steps in to provide urgent support.",Trafigura Foundation Supports Flood Relief Efforts in China
P1,News,https://trafigurafoundation.org/news/wetlands-a-secret-weapon-against-climate-change/,wetlands carbon climate resilience,Wetlands & Climate | Trafigura Foundation,"Wetlands act as carbon sinks and extreme-weather buffers; Nature Communications finds carbon-rich, often unmapped wetlands in Pacific Northwest forests.",Update Yoast fields,"index, follow",para1+para2 Pacific Northwest wetlands,,41,152,Wetlands: A Secret Weapon Against Climate Change Revealed — Trafigura Foundation,The hidden carbon-storage powerhouses of the Pacific Northwest forests. Learn about the remarkable carbon capacity of these unmapped wetlands.,Wetlands: A secret Weapon Against Climate Change
P1,Page,https://trafigurafoundation.org/contact/,contact Trafigura Foundation,Contact Us | Trafigura Foundation,"Reach the Trafigura Foundation via the contact form, or report grievances anonymously 24/7 through NAVEX Global—select Foundation for follow-up.",Update Yoast fields,"index, follow",para2+lis NAVEX contact form,,33,144,Contact Trafigura Foundation: Where to Find Us — Trafigura Foundation,Fill the form to contact Trafigura Foundation. Find out where you can find us and learn more about our initiatives.,contact us
P1,Page,https://trafigurafoundation.org/staff-engagement/,staff charity matching grants,Staff Engagement | Trafigura Foundation,"Employee-led Charity Committees pick local nonprofits for 12-month Foundation grants, with matching funds that amplify office volunteering and fundraising.",Update Yoast fields,"index, follow",para3+para4+para5 Charity Committees match,"Current meta sounds like HR engagement, not philanthropy matching",39,155,Staff Engagement: Key to Organizational Success —Trafigura Foundation,Explore the importance of staff engagement in Trafigura's workplace and how it impacts productivity and employee satisfaction.,Staff Engagement
P1,Page,https://trafigurafoundation.org/tales-of-resistence/,Tales of Resilience campaign,Tales of Resilience | Trafigura Foundation,Tales of Resilience is a three-video campaign on communities and projects backed by Foundation funding building sustainable solutions and lasting change.,Rename slug + 301 redirect; update Yoast,"index, follow",para2 three-video campaign,Spelling: resistence→resilience; slug typo hurts SEO/AEO | Slug misspells resilience (resistence),42,153,Tales of Resistence — Trafigura Foundation,"Established in 2007, The Trafigura Foundation invest in catalytic solutions that address climate adaptation, the socio-economic needs of vulnerable communities, and their connection with global supply chains.",TALES OF RESISTENCE
P1,Partner Story,https://trafigurafoundation.org/partner-stories/alliance-for-responsible-mining-arm/,Alliance for Responsible Mining,Alliance for Responsible Mining | Trafigura Foundation,"Supporting ARM (2023–2025) to strengthen standards, training and outreach so artisanal and small-scale mining is socially and environmentally responsible.",Update Yoast fields,"index, follow",para3+para5 ARM grant 2023-2025,,54,154,Trafigura Foundation & ARM: Promoting Responsible Mining,Discover how Trafigura Foundation partners with the Alliance for Responsible Mining (ARM) to promote sustainable and ethical mining practices.,Alliance for Responsible Mining (ARM)
P1,Partner Story,https://trafigurafoundation.org/partner-stories/beneficial-returns/,Beneficial Returns Reciprocity Fund,Beneficial Returns | Trafigura Foundation,Long-term grants help Beneficial Returns' Reciprocity Fund finance social enterprises serving Indigenous communities in Latin America and Southeast Asia.,Update Yoast fields,"index, follow",para2+para5 Reciprocity Fund SE Asia,,41,153,Supporting enterprises serving indigenous communities — Trafigura Foundation,"The Trafigura Foundation partners with Beneficial Returns to support social enterprises serving indigenous communities in Latin America and Southeast Asia—boosting climate resilience, sustainable livelihoods, and biodiversity protection.",Beneficial Returns
P1,Partner Story,https://trafigurafoundation.org/partner-stories/blue-alliance/,Blue Alliance marine protected areas,Blue Alliance MPAs | Trafigura Foundation,"Blue Alliance co-manages marine protected areas for governments, spanning community engagement, surveillance, research and reef-positive enterprises.",Update Yoast fields,"index, follow",para4+para5 Blue Alliance MPA co-management,,41,149,Protecting coastal ecosystems for people and nature,"Established in 2007, the Trafigura Foundation invests in solutions that address climate resilience and the socio-economic needs of vulnerable communities.",Blue Alliance
P1,Partner Story,https://trafigurafoundation.org/partner-stories/blue-catalyst-fund/,Blue Catalyst Fund mangroves,Blue Catalyst Fund | Trafigura Foundation,"Recoverable grant facility de-risking blue carbon projects that conserve and restore mangroves, buffering coasts and unlocking local livelihoods.",Update Yoast fields,"index, follow",para1+para2 mangroves recoverable grant,,41,145,Blue Catalyst Fund — Trafigura Foundation,"Established in 2007, the Trafigura Foundation invests in catalytic solutions that address climate adaptation, the socio-economic needs of vulnerable communities, and their connection with global supply chains.",Blue Catalyst Fund
P1,Partner Story,https://trafigurafoundation.org/partner-stories/boma/,BOMA Ethiopia Green REAP,BOMA Ethiopia Partnership | Trafigura Foundation,"In Ethiopia's Borena zone, BOMA's Green REAP builds women's green enterprises amid drought—empowering 2,100 entrepreneurs between 2022 and 2025.",Update Yoast fields,"index, follow",para3+para4 Borena Green REAP 2100 women,,48,144,BOMA: A Partner in Community Resilience | Trafigura Foundation,Discover how Trafigura Foundation partners with BOMA to empower communities and enhance resilience in challenging environments.,BOMA
P1,Partner Story,https://trafigurafoundation.org/partner-stories/bridges-to-prosperity/,Bridges to Prosperity Rwanda,Bridges to Prosperity | Trafigura Foundation,"Backing Bridges to Prosperity's Rwanda trailbridges connecting rural communities to markets, schools and healthcare—part of 250+ bridges by 2024.",Update Yoast fields,"index, follow",para4+para5 Rwanda trailbridges 250+,,44,145,Bridges to Prosperity — Trafigura Foundation,"Established in 2007, the Trafigura Foundation invests in catalytic solutions that address climate adaptation, the socio-economic needs of vulnerable communities, and their connection with global supply chains.",Bridges to Prosperity
P1,Partner Story,https://trafigurafoundation.org/partner-stories/clim-eat/,Clim-Eat African agriculture,Clim-Eat Partnership | Trafigura Foundation,"With Clim-Eat, backing climate adaptation policy for African smallholders—starting with investment, irrigation and digitalisation across five countries.",Update Yoast fields,"index, follow",para4 Kenya Malawi Rwanda Tanzania Zambia,,43,152,Clim-Eat: Sustainable Food Solutions | Trafigura Foundation,Explore how Trafigura Foundation partners with Clim-Eat to promote sustainable food solutions and combat climate change.,Clim-Eat
P1,Partner Story,https://trafigurafoundation.org/partner-stories/climate-smart-forest-economy-program/,Climate Smart Forest Economy,Climate Smart Forest Economy | Trafigura Foundation,The Climate Smart Forest Economy Program builds sustainable forest-product value chains and bio-based construction materials that counter deforestation.,Update Yoast fields,"index, follow",para1+para3 forest product value chains,,51,152,Climate Smart Forest Economy Program — Trafigura Foundation,Learn about the Climate Smart Forest Economy Program that aims to advance bio-based materials and sustainable development in forestry.,Climate Smart Forest Economy Program
P1,Partner Story,https://trafigurafoundation.org/partner-stories/comaco/,COMACO Zambia conservation,COMACO Zambia | Trafigura Foundation,"COMACO in Zambia links chemical-free agroforestry to premium It's Wild! markets, carbon credits and school feeding for climate-resilient rural livelihoods.",Update Yoast fields,"index, follow",para3+para4 COMACO Zambia It's Wild!,,36,155,COMACO — Trafigura Foundation,"Established in 2007, the Trafigura Foundation invests in catalytic solutions that address climate adaptation, the socio-economic needs of vulnerable communities, and their connection with global supply chains.",COMACO
P1,Partner Story,https://trafigurafoundation.org/partner-stories/conexsus/,Conexsus Amazon enterprises,Conexsus Amazon | Trafigura Foundation,"Partnering with Conexsus so Amazon community enterprises gain market protocols, impact reporting and finance access—improving livelihoods for 4,000 people.",Update Yoast fields,"index, follow",para3+para4+para5 Conexsus Amazon 4000,,38,155,Empowering Communities: Trafigura Foundation and Conexsus,Discover how Trafigura Foundation collaborates with Conexsus to promote sustainable development and empower local communities.,Conexsus
P1,Partner Story,https://trafigurafoundation.org/partner-stories/education-for-employment/,green skills MENA youth,Education for Employment | Trafigura Foundation,Education for Employment embeds green-economy skills so young people and women across MENA can succeed in today's and tomorrow's job markets.,Update Yoast fields,"index, follow",para1 green economy MENA youth/women,,47,141,Education for Employment — Partner — Trafigura Foundation,"Explore how Education for Employment empowers youth in the green economy, providing essential skills for future job markets.",Education for Employment
P1,Partner Story,https://trafigurafoundation.org/partner-stories/efe-egypt/,EFE Egypt youth employment,EFE Egypt youth employment | Trafigura Foundation,"Education for Employment equips Egyptian youth with in-demand skills, job links and mentorship, targeting 65% of graduates into income-generating work.",Update Yoast fields,"index, follow",para2–3 Egypt skills gap + li 65% graduates,,49,151,Education for Employment — Trafigura Foundation,"Established in 2007, the Trafigura Foundation invests in catalytic solutions that address climate adaptation, the socio-economic needs of vulnerable communities, and their connection with global supply chains.",Education for Employment
P1,Partner Story,https://trafigurafoundation.org/partner-stories/global-resilience-partnership/,climate resilience innovation,Global Resilience Partnership | Trafigura Foundation,"The Global Resilience Partnership scales climate resilience innovations across the Global South via Innovation Challenges, capacity building and policy.",Update Yoast fields,"index, follow",para3 GRP alliance + para5 Innovation Challenges,,52,152,Accelerating innovations for climate adaptation,"Established in 2007, the Trafigura Foundation invests in catalytic solutions that address climate adaptation, the socio-economic needs of vulnerable communities, and their connection with global supply chains.",Global Resilience Partnership
P1,Partner Story,https://trafigurafoundation.org/partner-stories/iswan/,ISWAN seafarer welfare,ISWAN seafarer welfare | Trafigura Foundation,"ISWAN supports seafarers with SeafarerHelp, a 24/7 multilingual helpline, plus relief funds and regional aid in South-East Asia and West and Central Africa.",Update Yoast fields,"index, follow",para2 SeafarerHelp + para4 regional programme,,45,156,ISWAN — Trafigura Foundation,"Established in 2007, the Trafigura Foundation invests in catalytic solutions that address climate adaptation, the socio-economic needs of vulnerable communities, and their connection with global supply chains.",ISWAN
P1,Partner Story,https://trafigurafoundation.org/partner-stories/maliasili/,community-led conservation Africa,Maliasili community conservation | Trafigura Foundation,"Maliasili strengthens community-led conservation groups across sub-Saharan Africa, intensifying support in Botswana, Mozambique, Tanzania, Uganda and Zimbabwe.",Update Yoast fields,"index, follow",para2 community-led conservation + para4 five countries,,55,159,Community-led conservation in Africa,"Established in 2007, the Trafigura Foundation invests in catalytic solutions that address climate adaptation, the socio-economic needs of vulnerable communities, and their connection with global supply chains.",Maliasili
P1,Partner Story,https://trafigurafoundation.org/partner-stories/new-energy-nexus-nex/,climate-tech MSME adaptation,NEX climate-tech entrepreneurs | Trafigura Foundation,"New Energy Nexus helps clean-energy startups scale climate-adaptation solutions for MSMEs across Indonesia, Nigeria and Pakistan with funding and support.",Update Yoast fields,"index, follow",para3–5 NEX startups + three countries,,53,154,New Energy Nexus (NEX) - Trafigura Foundation,"Established in 2007, the Trafigura Foundation invests in catalytic solutions that address climate adaptation, the socio-economic needs of vulnerable communities, and their connection with global supply chains.",New Energy Nexus (NEX)
P1,Partner Story,https://trafigurafoundation.org/partner-stories/nuru/,climate-resilient farming cooperatives,Nuru climate-resilient farming | Trafigura Foundation,"Nuru strengthens cooperative agribusinesses in fragile West African communities with finance, markets and climate-resilient farming practices.",Update Yoast fields,"index, follow",para3–4 West Africa cooperatives + climate practices,,53,142,"Nuru , Helping farmers thrive in Africa — Partners Stories — Trafigura Foundation","Explore the Nuru Initiative, a program designed to help farmers thrive in climate-affected Africa with tailored support.",Nuru
P1,Partner Story,https://trafigurafoundation.org/partner-stories/partnership-for-central-america-pca/,Central America climate adaptation,PCA Central America adaptation | Trafigura Foundation,"Partnership for Central America mobilises governments and businesses to advance climate adaptation in agriculture across Guatemala, Honduras and El Salvador.",Update Yoast fields,"index, follow",para5 PCA adaptation Guatemala Honduras El Salvador,,53,157,Trafigura & PCA: Community Development Partners,Learn about Trafigura Foundation's role in advancing PCA's community development efforts in Central America.,Partnership for Central America (PCA)
P1,Partner Story,https://trafigurafoundation.org/partner-stories/peace-dividend-initiative-pdi/,climate-resilient peace investment,Peace Dividend Initiative | Trafigura Foundation,The Peace Dividend Initiative incubates climate-resilient enterprises in conflict-affected settings and launches the Peace Venture Fund (2024–2026).,Update Yoast fields,"index, follow",para3–4 PDI incubation + Peace Venture Fund,,48,148,Trafigura Foundation & Peace Dividend Initiative: Fostering Peace,Explore the Peace Dividend Initiative and its role in fostering economic resilience and peace in conflict-affected areas.,Peace Dividend Initiative (PDI)
P1,Partner Story,https://trafigurafoundation.org/partner-stories/plan-vivo/,nature-based finance communities,Plan Vivo nature-based finance | Trafigura Foundation,Plan Vivo helps smallholder farmers and vulnerable communities access nature-based finance that builds resilient livelihoods and ecosystems.,Update Yoast fields,"index, follow",para1 + para4 nature-based finance livelihoods,,53,140,Trafigura Foundation Partners with Plan Vivo for Climate Action,Explore how Plan Vivo supports vulnerable communities through nature-based finance and sustainable livelihood solutions.,Plan Vivo
P1,Partner Story,https://trafigurafoundation.org/partner-stories/planet-indonesia/,West Kalimantan community conservation,Planet Indonesia West Kalimantan | Trafigura Foundation,Planet Indonesia builds community-led governance in West Kalimantan so villages diversify sustainable livelihoods while conserving mangroves and forests.,Update Yoast fields,"index, follow",para1 West Kalimantan + para4–5 village governance,,55,153,Planet Indonesia. — Trafigura Foundation,"Established in 2007, the Trafigura Foundation invests in catalytic solutions that address climate adaptation, the socio-economic needs of vulnerable communities, and their connection with global supply chains.",Planet Indonesia.
P1,Partner Story,https://trafigurafoundation.org/partner-stories/reach/,Vietnam youth vocational training,REACH Vietnam youth training | Trafigura Foundation,"REACH provides vocational training and job placement for disadvantaged Vietnamese youth aged 16–30, with 87% of graduates securing decent jobs.",Update Yoast fields,"index, follow",para2 REACH training + para4 87% decent jobs,,51,143,REACH — Trafigura Foundation,"Established in 2007, the Trafigura Foundation invests in catalytic solutions that address climate adaptation, the socio-economic needs of vulnerable communities, and their connection with global supply chains.",REACH
P1,Partner Story,https://trafigurafoundation.org/partner-stories/root-capital/,climate-smart agri-business finance,Root Capital agri-business finance | Trafigura Foundation,Root Capital provides catalytic finance and advisory services so rural agri-businesses adopt climate-smart practices and strengthen community resilience.,Update Yoast fields,"index, follow",para2 catalytic finance + para4 climate-smart practices,,57,153,Root Capital working with rural agricultural businesses — Trafigura Foundation,Explore how Root Capital empowers rural agricultural businesses to enhance community resilience and combat climate change.,Root Capital
P1,Partner Story,https://trafigurafoundation.org/partner-stories/slum-dwellers-international-sdi/,slum climate adaptation Africa,SDI informal settlement resilience | Trafigura Foundation,"Slum Dwellers International organises urban poor communities for community-led, data-driven slum upgrading and climate resilience across Africa.",Update Yoast fields,"index, follow",para1–2 informal settlements + para4 SDI model,,57,144,Strengthening climate resilience in Southern African cities,"Established in 2007, the Trafigura Foundation invests in catalytic solutions that address climate adaptation, the socio-economic needs of vulnerable communities, and their connection with global supply chains.",Slum Dwellers International (SDI)
P1,Partner Story,https://trafigurafoundation.org/partner-stories/start-network-start-fund/,Start Fund rapid response,Start Fund emergency response | Trafigura Foundation,"The Start Fund releases emergency funding within 72 hours of a crisis—one of the world's fastest humanitarian response mechanisms, often for climate alerts.",Update Yoast fields,"index, follow",para1 + para5 72-hour climate-related alerts,,52,156,Responding rapidly and effectively to humanitarian crises,"Established in 2007, the Trafigura Foundation invests in catalytic solutions that address climate adaptation, the socio-economic needs of vulnerable communities, and their connection with global supply chains.",Start Network – Start Fund
P1,Partner Story,https://trafigurafoundation.org/partner-stories/start-network-start-ready/,Start Ready anticipatory funding,Start Ready anticipatory funding | Trafigura Foundation,"Start Ready pre-positions humanitarian funding for floods, droughts, heatwaves and cyclones, releasing support when danger thresholds are reached.",Update Yoast fields,"index, follow",para2–3 Start Ready pre-positioned contingency funding,,55,146,"Backing communities facing floods, cyclones, droughts, heatwaves","Established in 2007, the Trafigura Foundation invests in catalytic solutions that address climate adaptation, the socio-economic needs of vulnerable communities, and their connection with global supply chains.",Start Network – Start Ready
P1,Partner Story,https://trafigurafoundation.org/partner-stories/sumatoria/,climate resilience loans Argentina,Sumatoria climate resilience loans | Trafigura Foundation,Sumatoria's Climate Resilience Window offers affordable loans and technical assistance so small businesses in Argentina and Paraguay invest in adaptation.,Update Yoast fields,"index, follow",para4 Climate Resilience Window Argentina Paraguay,,57,154,Sumatoria — Trafigura Foundation,"Established in 2007, the Trafigura Foundation invests in catalytic solutions that address climate adaptation, the socio-economic needs of vulnerable communities, and their connection with global supply chains.",Sumatoria
P1,Partner Story,https://trafigurafoundation.org/partner-stories/the-halo-trust/,Angola mine clearance livelihoods,HALO Trust Angola mine clearance | Trafigura Foundation,"The HALO Trust clears landmines in Angola so communities can farm safely, restore livelihoods and protect biodiversity around the Okavango headwaters.",Update Yoast fields,"index, follow",para1–3 Angola landmines + Okavango livelihoods,,55,150,Clearing minefields in Angola,"Established in 2007, the Trafigura Foundation invests in catalytic solutions that address climate adaptation, the socio-economic needs of vulnerable communities, and their connection with global supply chains.",The HALO Trust
P1,Partner Story,https://trafigurafoundation.org/partner-stories/the-international-rescue-committee-irc/,IRC climate resilience,IRC climate resilience in crises | Trafigura Foundation,The International Rescue Committee helps communities facing conflict and climate shocks build sustainable livelihoods and prepare for climate crises.,Update Yoast fields,"index, follow",para5 IRC livelihoods + climate shock preparedness,,55,149,IRC — Partner — Trafigura Foundation,Explore how The International Rescue Committee is addressing climate challenges and supporting vulnerable communities worldwide.,The International Rescue Committee (IRC)
P1,Partner Story,https://trafigurafoundation.org/partner-stories/the-nature-conservancy-eternal-mongolia/,Mongolia grasslands herders,Eternal Mongolia grasslands | Trafigura Foundation,"Eternal Mongolia protects Mongolia's temperate grasslands and supports herder households with sustainable, climate-resilient community-managed practices.",Update Yoast fields,"index, follow",para1–2 grasslands herders + li climate-resilient practices,,50,153,Eternal Mongolia — Partner Stories — Trafigura Foundation,Explore the efforts to secure Eternal Mongolia's grasslands and herders amidst climate change challenges and biodiversity loss.,The Nature Conservancy: Eternal Mongolia
P1,Partner Story,https://trafigurafoundation.org/partner-stories/the-nature-conservancy-natural-climate-solutions-accelerator/,Natural Climate Solutions Accelerator,Natural Climate Solutions Accelerator | Trafigura Foundation,The Nature Conservancy's Natural Climate Solutions Accelerator takes community carbon projects in Latin America from concept to certification and investment.,Update Yoast fields,"index, follow",para1 Latin America + para4 NCS Accelerator path,,60,157,The Nature Conservancy — Trafigura Foundation,"Established in 2007, the Trafigura Foundation invests in catalytic solutions that address climate adaptation, the socio-economic needs of vulnerable communities, and their connection with global supply chains.",The Nature Conservancy
P1,Partner Story,https://trafigurafoundation.org/partner-stories/wildlife-conservation-society-wcs/,climate-resilient coral reefs,WCS climate-resilient coral reefs | Trafigura Foundation,"Wildlife Conservation Society identifies and protects climate-resilient coral reefs in the Sulu-Sulawesi Sea across Indonesia, Malaysia and the Philippines.",Update Yoast fields,"index, follow",para4–5 Sulu-Sulawesi reefs Indonesia Malaysia Philippines,,56,156,Supporting Wildlife: Trafigura Foundation and WCS Partnership,Learn how the Wildlife Conservation Society is protecting vital coral reefs from climate change impacts in Southeast Asia.,Wildlife Conservation Society (WCS)
